{"cameraMode":{"drawMode":0,"name":"Shaded","section":"Shading Mode"},"sceneLighting":false,"audioPlay":false,"sceneViewState":{"showFog":true,"showMaterialUpdate":false,"showSkybox":false,"showFlares":true,"showImageEffects":true,"showParticleSystems":true},"in2DMode":false,"pivot":{"x":-1.2042007446289063,"y":2.5294737815856935,"z":1.0452156066894532},"rotation":{"x":-0.3518175184726715,"y":0.06087416037917137,"z":-0.022934740409255029,"w":-0.9338058233261108},"size":10.0,"orthographic":false}