{"cameraMode":{"drawMode":0,"name":"Shaded","section":"Shading Mode"},"sceneLighting":false,"audioPlay":false,"sceneViewState":{"showFog":true,"showMaterialUpdate":false,"showSkybox":false,"showFlares":true,"showImageEffects":true,"showParticleSystems":true},"in2DMode":false,"pivot":{"x":9.273208618164063,"y":5.621875762939453,"z":14.382275581359864},"rotation":{"x":-0.26227736473083498,"y":0.05409865453839302,"z":-0.014728465117514134,"w":-0.9633618593215942},"size":11.190698623657227,"orthographic":false}