{"cameraMode":{"drawMode":0,"name":"Shaded","section":"Shading Mode"},"sceneLighting":false,"audioPlay":false,"sceneViewState":{"showFog":true,"showMaterialUpdate":false,"showSkybox":false,"showFlares":true,"showImageEffects":true,"showParticleSystems":true},"in2DMode":false,"pivot":{"x":-9.816760063171387,"y":8.505250930786133,"z":15.605118751525879},"rotation":{"x":-0.26227736473083498,"y":0.05409865453839302,"z":-0.014728465117514134,"w":-0.9633618593215942},"size":13.487648010253907,"orthographic":false}