{"cameraMode":{"drawMode":0,"name":"Shaded","section":"Shading Mode"},"sceneLighting":false,"audioPlay":false,"sceneViewState":{"showFog":true,"showMaterialUpdate":false,"showSkybox":false,"showFlares":true,"showImageEffects":true,"showParticleSystems":true},"in2DMode":false,"pivot":{"x":-0.000594601035118103,"y":0.02639322727918625,"z":0.0},"rotation":{"x":-0.002419740194454789,"y":-0.5910787582397461,"z":-0.0017733635613694788,"w":0.8066098093986511},"size":0.2743198573589325,"orthographic":true}