{"cameraMode":{"drawMode":0,"name":"Shaded","section":"Shading Mode"},"sceneLighting":true,"audioPlay":false,"sceneViewState":{"showFog":true,"showMaterialUpdate":false,"showSkybox":true,"showFlares":true,"showImageEffects":true,"showParticleSystems":true},"in2DMode":false,"pivot":{"x":1.1593093872070313,"y":0.6473238468170166,"z":3.9880096912384035},"rotation":{"x":-0.3612477779388428,"y":-0.08931750059127808,"z":0.03478672727942467,"w":-0.9275302290916443},"size":7.228241443634033,"orthographic":false}