{"cameraMode":{"drawMode":0,"name":"Shaded","section":"Shading Mode"},"sceneLighting":false,"audioPlay":false,"sceneViewState":{"showFog":true,"showMaterialUpdate":false,"showSkybox":true,"showFlares":true,"showImageEffects":true,"showParticleSystems":true},"in2DMode":false,"pivot":{"x":194.1747283935547,"y":-57.137611389160159,"z":132.7532958984375},"rotation":{"x":-0.08067849278450012,"y":0.07557708770036698,"z":-0.006135101430118084,"w":-0.9938518404960632},"size":444.0445861816406,"orthographic":false}