{"cameraMode":{"drawMode":0,"name":"Shaded","section":"Shading Mode"},"sceneLighting":false,"audioPlay":false,"sceneViewState":{"showFog":true,"showMaterialUpdate":false,"showSkybox":true,"showFlares":true,"showImageEffects":true,"showParticleSystems":true},"in2DMode":false,"pivot":{"x":9.273208618164063,"y":5.621875762939453,"z":14.382275581359864},"rotation":{"x":0.26405975222587588,"y":-0.6154912710189819,"z":0.23018862307071687,"w":0.7060143351554871},"size":36.9293098449707,"orthographic":true}