{"cameraMode":{"drawMode":0,"name":"Shaded","section":"Shading Mode"},"sceneLighting":false,"audioPlay":false,"sceneViewState":{"showFog":true,"showMaterialUpdate":false,"showSkybox":true,"showFlares":true,"showImageEffects":true,"showParticleSystems":true},"in2DMode":false,"pivot":{"x":-1.2042007446289063,"y":2.5294737815856935,"z":1.0452156066894532},"rotation":{"x":-0.11258480697870255,"y":0.5564418435096741,"z":-0.07642951607704163,"w":-0.8196680545806885},"size":22.0,"orthographic":false}