{"cameraMode":{"drawMode":0,"name":"Shaded","section":"Shading Mode"},"sceneLighting":true,"audioPlay":false,"sceneViewState":{"showFog":true,"showMaterialUpdate":false,"showSkybox":true,"showFlares":true,"showImageEffects":true,"showParticleSystems":true},"in2DMode":false,"pivot":{"x":-1.5800000429153443,"y":5.480000019073486,"z":-0.2800000011920929},"rotation":{"x":0.27375394105911257,"y":-0.43800607323646548,"z":0.14199750125408173,"w":0.8444206118583679},"size":22.0,"orthographic":true}